<?xml version="1.0" encoding="UTF-8"?>
<project xmlns="http://maven.apache.org/POM/4.0.0" xmlns:xsi="http://www.w3.org/2001/XMLSchema-instance"
         xsi:schemaLocation="http://maven.apache.org/POM/4.0.0 https://maven.apache.org/xsd/maven-4.0.0.xsd">
    <modelVersion>4.0.0</modelVersion>
    <parent>
        <groupId>org.springframework.boot</groupId>
        <artifactId>spring-boot-starter-parent</artifactId>
        <version>3.5.4</version>
        <relativePath/> <!-- lookup parent from repository -->
    </parent>
    <groupId>br.com.hackathon</groupId>
    <artifactId>api-credito</artifactId>
    <version>0.0.1-SNAPSHOT</version>
    <name>hackathon-api-credito</name>
    <description>hackathon-api-credito</description>
    <url/>
    <licenses>
        <license/>
    </licenses>
    <developers>
        <developer/>
    </developers>
    <scm>
        <connection/>
        <developerConnection/>
        <tag/>
        <url/>
    </scm>
    <properties>
        <java.version>21</java.version>
        <spring-cloud-azure.version>5.23.0</spring-cloud-azure.version>
    </properties>
    <dependencies>
        <dependency>
            <groupId>org.springframework.boot</groupId>
            <artifactId>spring-boot-starter-actuator</artifactId>
        </dependency>
        <dependency>
            <groupId>org.springframework.boot</groupId>
            <artifactId>spring-boot-starter-data-jpa</artifactId>
        </dependency>
        <dependency>
            <groupId>org.springframework.boot</groupId>
            <artifactId>spring-boot-starter-validation</artifactId>
        </dependency>
        <dependency>
            <groupId>org.springframework.boot</groupId>
            <artifactId>spring-boot-starter-web</artifactId>
        </dependency>
        <dependency>
            <groupId>com.azure.spring</groupId>
            <artifactId>spring-cloud-azure-starter</artifactId>
        </dependency>
        <dependency>
            <groupId>com.azure.spring</groupId>
            <artifactId>spring-cloud-azure-starter-actuator</artifactId>
        </dependency>

        <dependency>
            <groupId>org.springframework.boot</groupId>
            <artifactId>spring-boot-devtools</artifactId>
            <scope>runtime</scope>
            <optional>true</optional>
        </dependency>
        <dependency>
            <groupId>org.projectlombok</groupId>
            <artifactId>lombok</artifactId>
            <optional>true</optional>
        </dependency>
        <dependency>
            <groupId>org.springframework.boot</groupId>
            <artifactId>spring-boot-starter-test</artifactId>
            <scope>test</scope>
        </dependency>
        <dependency>
            <groupId>com.azure</groupId>
            <artifactId>azure-messaging-eventhubs</artifactId>
        </dependency>
        <dependency>
            <groupId>org.xerial</groupId>
            <artifactId>sqlite-jdbc</artifactId>
            <version>3.46.0.0</version>
        </dependency>
        <dependency>
            <groupId>org.hibernate.orm</groupId>
            <artifactId>hibernate-community-dialects</artifactId>
            <version>6.4.4.Final</version>
        </dependency>
    </dependencies>
    <dependencyManagement>
        <dependencies>
            <dependency>
                <groupId>com.azure.spring</groupId>
                <artifactId>spring-cloud-azure-dependencies</artifactId>
                <version>${spring-cloud-azure.version}</version>
                <type>pom</type>
                <scope>import</scope>
            </dependency>
        </dependencies>
    </dependencyManagement>

    <build>
        <plugins>
            <plugin>
                <groupId>org.apache.maven.plugins</groupId>
                <artifactId>maven-compiler-plugin</artifactId>
                <configuration>
                    <annotationProcessorPaths>
                        <path>
                            <groupId>org.projectlombok</groupId>
                            <artifactId>lombok</artifactId>
                            <optional>true</optional>
                        </path>
                    </annotationProcessorPaths>
                </configuration>
            </plugin>
            <plugin>
                <groupId>com.microsoft.azure</groupId>
                <artifactId>azure-container-apps-maven-plugin</artifactId>
                <version>0.1.0</version>
                <configuration>
                    <subscriptionId>your-subscription-id</subscriptionId>
                    <resourceGroup>your-resource-group</resourceGroup>
                    <appEnvironmentName>your-app-environment-name</appEnvironmentName>
                    <region>your-region</region>
                    <appName>hackathon-api-credito</appName>
                    <containers>
                        <container>
                            <type>code</type>
                            <directory>${project.basedir}</directory>
                        </container>
                    </containers>
                    <ingress>
                        <external>true</external>
                        <targetPort>8080</targetPort>
                    </ingress>
                    <scale>
                        <minReplicas>0</minReplicas>
                        <maxReplicas>10</maxReplicas>
                    </scale>
                </configuration>
            </plugin>
            <plugin>
                <groupId>org.springframework.boot</groupId>
                <artifactId>spring-boot-maven-plugin</artifactId>
                <configuration>
                    <excludes>
                        <exclude>
                            <groupId>org.projectlombok</groupId>
                            <artifactId>lombok</artifactId>
                        </exclude>
                    </excludes>
                </configuration>
            </plugin>
        </plugins>
    </build>

</project>
